Hidden Neurons,Epoch,Parameters,Train Loss,Train Accuracy,Test Loss,Test Accuracy
1,100,805,1.9514225248306516,0.25025,1.8084751306825382,0.2663
1,200,805,1.936746671086266,0.259,1.8038463645679936,0.2559
1,300,805,1.933154889515468,0.25925,1.8121735047382914,0.2672
1,400,805,1.92830066643064,0.26075,1.8016042003206387,0.2701
1,500,805,1.9234356974798537,0.2635,1.82173994012699,0.268
1,600,805,1.9215142594443426,0.262,1.810255869179015,0.2659
1,700,805,1.9215296128439525,0.2645,1.8166858010990605,0.2677
1,800,805,1.9187426585999747,0.2585,1.813102173197801,0.2676
1,900,805,1.9177100336740887,0.26275,1.8196715222802131,0.2648
1,1000,805,1.9145479637479026,0.26375,1.818680201366449,0.264
1,1100,805,1.9150181460002111,0.263,1.816382955593668,0.2634
1,1200,805,1.9142368880529252,0.26625,1.8266694803906094,0.2636
1,1300,805,1.9125645387740362,0.2665,1.8309694467836124,0.2605
1,1400,805,1.9107450114356146,0.27,1.8174370671533475,0.2613
1,1500,805,1.908888958749317,0.27075,1.8185627513630376,0.2616
1,1600,805,1.911119374017867,0.266,1.8286374207514866,0.2619
1,1700,805,1.9099950847171603,0.2615,1.8234734914864703,0.2633
1,1800,805,1.909310057049706,0.27025,1.8227540543124934,0.2606
1,1900,805,1.9087331295013428,0.271,1.828390073624386,0.2627
1,2000,805,1.9107501733870733,0.2665,1.8248966674136509,0.2624
2,100,1600,1.5988020045416695,0.52575,1.309285892802439,0.5693
2,200,1600,1.5598973262877691,0.54,1.2714028396424215,0.576
2,300,1600,1.540434930059645,0.552,1.29248974429574,0.5686
2,400,1600,1.5311196077437628,0.54775,1.2905012122385062,0.5639
2,500,1600,1.5257103424223641,0.55125,1.3244629225153832,0.5505
2,600,1600,1.5167120619425698,0.55125,1.3008461135208227,0.5539
2,700,1600,1.516056772262331,0.55125,1.3245998233746572,0.5519
2,800,1600,1.5103776965822493,0.54625,1.3107696202150576,0.5555
2,900,1600,1.5032846378901648,0.5515,1.3153903666575244,0.5538
2,1000,1600,1.5033246751815554,0.5515,1.3194372426172731,0.5502
2,1100,1600,1.5031168631144933,0.55225,1.3314294788488157,0.5484
2,1200,1600,1.498266783971635,0.54525,1.3286458117187403,0.5483
2,1300,1600,1.4976208550589425,0.5455,1.319637387041833,0.5516
2,1400,1600,1.5013553377181765,0.54975,1.330326078044381,0.5476
2,1500,1600,1.4955916064126151,0.5475,1.3444086377787743,0.5421
2,1600,1600,1.49302205396077,0.54575,1.3551144250638925,0.5304
2,1700,1600,1.4909139379622445,0.5515,1.3318468818239346,0.5484
2,1800,1600,1.490585588273548,0.5485,1.3377360967314167,0.5443
2,1900,1600,1.4894627465142145,0.55,1.356750043334475,0.5365
2,2000,1600,1.4882561782049755,0.55025,1.3376005838631064,0.5441
4,100,3190,1.2125143607457478,0.7055,0.8799191730417264,0.752
4,200,3190,1.148256211999863,0.71875,0.8780655604638871,0.7444
4,300,3190,1.1078149685783991,0.72175,0.936753751935473,0.7147
4,400,3190,1.086114371579791,0.72725,0.9738618108876951,0.6987
4,500,3190,1.0627921062802512,0.72625,0.9597800339862799,0.7049
4,600,3190,1.0531912994763208,0.733,0.9674567940888131,0.7048
4,700,3190,1.0387460996234228,0.73425,0.9911813175981972,0.6937
4,800,3190,1.0287834074762132,0.73675,1.026764819576482,0.6818
4,900,3190,1.0232820444636874,0.739,1.0224522059890115,0.6888
4,1000,3190,1.01989679014872,0.7385,1.0381620146666364,0.6803
4,1100,3190,1.0160361736539811,0.741,1.067506552881496,0.6727
4,1200,3190,1.010147752269866,0.743,1.0698960924604137,0.6696
4,1300,3190,1.0031506106967019,0.74425,1.0731966810621274,0.6701
4,1400,3190,1.0007612884990753,0.74525,1.0674995311126587,0.6761
4,1500,3190,0.9953393236039176,0.742,1.0812539029273258,0.6706
4,1600,3190,0.990219773754241,0.743,1.0929952039840116,0.6684
4,1700,3190,0.9919707765654912,0.74675,1.1166544192156214,0.6638
4,1800,3190,0.9889427991140456,0.749,1.0995599671154266,0.6648
4,1900,3190,0.9860955419994536,0.74575,1.1141219127709698,0.6628
4,2000,3190,0.9868517328822424,0.744,1.121240577690161,0.6601
6,100,4780,1.010437259598384,0.75175,0.7084661323553437,0.8124
6,200,4780,0.9187286865143549,0.76075,0.7255120041074267,0.7917
6,300,4780,0.8672228370394025,0.777,0.7791700211300212,0.768
6,400,4780,0.8299007349544101,0.77925,0.8137826241885021,0.7543
6,500,4780,0.8049006462097168,0.7855,0.8320267365616598,0.7508
6,600,4780,0.787318247651297,0.7865,0.8750905366080581,0.7368
6,700,4780,0.7671592453169445,0.79075,0.872352877999567,0.7383
6,800,4780,0.7607514583875262,0.7945,0.9077659680205545,0.7318
6,900,4780,0.7493251448585874,0.7965,0.9489366748150746,0.7193
6,1000,4780,0.7357830958706992,0.7975,0.9589386804468313,0.7168
6,1100,4780,0.7266408555091374,0.80325,0.9657443448616441,0.7172
6,1200,4780,0.7198156842163631,0.80175,0.9854427082523419,0.7109
6,1300,4780,0.7119313521044595,0.802,1.0152010568387948,0.7042
6,1400,4780,0.7069116097594065,0.806,1.0383469350398726,0.6997
6,1500,4780,0.7002262255502125,0.8075,1.0415867794850828,0.7029
6,1600,4780,0.6906787790949382,0.8105,1.052567370757935,0.6997
6,1700,4780,0.6850882295578246,0.8095,1.0683878724742089,0.6928
6,1800,4780,0.6825680013686891,0.81275,1.0842211779895101,0.6926
6,1900,4780,0.6804933178992498,0.8095,1.1060445170113995,0.69
6,2000,4780,0.6708651459406293,0.815,1.1023770016469774,0.6951
8,100,6370,0.9252696879326351,0.77025,0.669028847555446,0.817
8,200,6370,0.8019303428748298,0.78825,0.7017171288941316,0.7944
8,300,6370,0.7355446522198026,0.80175,0.7770018143828508,0.7726
8,400,6370,0.6917326814598508,0.81425,0.8325821085340658,0.7597
8,500,6370,0.6556480082254561,0.817,0.8641915771232289,0.7497
8,600,6370,0.6270259278161185,0.823,0.9042946872817483,0.7401
8,700,6370,0.6014208074599977,0.835,0.9421371677119261,0.734
8,800,6370,0.585516758854427,0.84,1.0156452972797831,0.7155
8,900,6370,0.564532467770198,0.84475,1.0197067528393617,0.7197
8,1000,6370,0.5514299680316259,0.847,1.072619425643022,0.7113
8,1100,6370,0.5373187207040333,0.856,1.0873172362898564,0.7075
8,1200,6370,0.523081249187863,0.85575,1.130375675904523,0.7035
8,1300,6370,0.5105798178248935,0.86,1.1627537395544112,0.6968
8,1400,6370,0.5023288830878243,0.8655,1.1830577455508482,0.6975
8,1500,6370,0.49278766721013995,0.8685,1.2173720757672741,0.6918
8,1600,6370,0.48521060058994897,0.86775,1.250275357323847,0.6905
8,1700,6370,0.47412007455787963,0.87475,1.2802174603863128,0.6828
8,1800,6370,0.4654245889849133,0.87575,1.2876513478862253,0.6873
8,1900,6370,0.4587010211414761,0.87625,1.3269719316321573,0.6784
8,2000,6370,0.4527322846272635,0.882,1.3535687779165377,0.6754
10,100,7960,0.893202961437286,0.775,0.6204549875229027,0.8457
10,200,7960,0.7691622612968324,0.79675,0.6609571623574396,0.8185
10,300,7960,0.6887709025352721,0.8115,0.7121261995119653,0.7983
10,400,7960,0.642612314886517,0.8315,0.7761882919414788,0.7787
10,500,7960,0.5985904302861955,0.84175,0.825977671867723,0.7647
10,600,7960,0.5619632842994872,0.85,0.8713377009911142,0.7569
10,700,7960,0.533901243928879,0.856,0.931455590732538,0.7429
10,800,7960,0.5105495150127108,0.8665,0.9750636252248364,0.7366
10,900,7960,0.489404343896442,0.8715,1.0154174281533357,0.7302
10,1000,7960,0.47189525195530485,0.876,1.07523809079152,0.7187
10,1100,7960,0.4565527722949073,0.88225,1.1240191423589256,0.7141
10,1200,7960,0.44001158646174837,0.88675,1.1344590035213786,0.7141
10,1300,7960,0.4257907654557909,0.89,1.178016013970041,0.7089
10,1400,7960,0.4187715540802668,0.89275,1.2203558970029187,0.7044
10,1500,7960,0.40749695897102356,0.896,1.2600264980155191,0.6982
10,1600,7960,0.39470375577608746,0.902,1.2909244526723387,0.6952
10,1700,7960,0.3856719346746566,0.9015,1.3168906007602716,0.6973
10,1800,7960,0.3767172639805173,0.908,1.3546310207646364,0.6898
10,1900,7960,0.3684034591156339,0.90875,1.376680920837791,0.6922
10,2000,7960,0.36272383564048344,0.91175,1.423468947030936,0.6874
12,100,9550,0.8042750670796349,0.791,0.6022481169480427,0.8385
12,200,9550,0.65207858028866,0.822,0.7096723977737366,0.7946
12,300,9550,0.56532702985264,0.8455,0.7977765009851213,0.7668
12,400,9550,0.5010798649182395,0.85675,0.8544327205723259,0.756
12,500,9550,0.45061060928163077,0.87475,0.9438072698321313,0.7404
12,600,9550,0.41079454123973846,0.8875,1.0049641734095895,0.7336
12,700,9550,0.3783517931661909,0.8995,1.081081712701518,0.7217
12,800,9550,0.34695207079251605,0.9075,1.1350222311581775,0.7171
12,900,9550,0.3238920063253433,0.91775,1.2219969320828747,0.7027
12,1000,9550,0.3048223682812282,0.92475,1.2778217904506974,0.703
12,1100,9550,0.28466529340024976,0.9305,1.3176412069873444,0.7016
12,1200,9550,0.2677001849053398,0.93525,1.4056477952914632,0.6873
12,1300,9550,0.25175483004441335,0.943,1.4329578417121984,0.6911
12,1400,9550,0.2378573375088828,0.94675,1.4955362609237621,0.6849
12,1500,9550,0.22681216623574968,0.9495,1.5504066928936417,0.6847
12,1600,9550,0.21417629825217382,0.9545,1.6023938204072843,0.6785
12,1700,9550,0.203393268916342,0.95775,1.647808778627663,0.6782
12,1800,9550,0.19558233720442605,0.95875,1.6900985831288016,0.6777
12,1900,9550,0.1851652003233395,0.9645,1.741080931227678,0.6724
12,2000,9550,0.17666328083428126,0.96625,1.781982355816349,0.6744
14,100,11140,0.75447930797698,0.8035,0.5825466965414157,0.8436
14,200,11140,0.5926272102764675,0.837,0.6960129506269078,0.7946
14,300,11140,0.496969332297643,0.86325,0.7669835208327906,0.7763
14,400,11140,0.4320038438789428,0.8825,0.8800267526868043,0.7509
14,500,11140,0.3797177170950269,0.9005,0.9535194167475791,0.7391
14,600,11140,0.34135516910325914,0.91275,1.0335974413308369,0.7285
14,700,11140,0.3105098678479119,0.924,1.1153980277146502,0.7178
14,800,11140,0.28259567608909003,0.93225,1.1960869775076581,0.7041
14,900,11140,0.25889862127720364,0.94175,1.241785615018219,0.7061
14,1000,11140,0.23885113190090845,0.94775,1.2978554349036733,0.7035
14,1100,11140,0.22318096435259258,0.95325,1.369764914653104,0.6949
14,1200,11140,0.20759522370875827,0.9585,1.4211357945849181,0.692
14,1300,11140,0.19574791110224193,0.963,1.4723850463985637,0.689
14,1400,11140,0.18395130880295285,0.9665,1.5191181341933597,0.6866
14,1500,11140,0.1733827990671945,0.96825,1.5683996791292907,0.6834
14,1600,11140,0.16328051579850061,0.97025,1.6164181414683154,0.68
14,1700,11140,0.1549394125384944,0.9725,1.6679064610581489,0.6755
14,1800,11140,0.1470384258362982,0.97425,1.7028202968797865,0.6744
14,1900,11140,0.1404569029571518,0.97525,1.7447706859582548,0.674
14,2000,11140,0.13285609748628405,0.97725,1.7936017847364876,0.6715
16,100,12730,0.7403126387369066,0.7985,0.617320735268532,0.8297
16,200,12730,0.5554399315326933,0.8445,0.7243138641878298,0.7852
16,300,12730,0.44582490859523655,0.87725,0.8264544122158342,0.7636
16,400,12730,0.36970820502629353,0.9015,0.9204385627986519,0.7454
16,500,12730,0.31652381141034386,0.92,1.0344164094347863,0.7266
16,600,12730,0.272073761101753,0.93325,1.1089745900433534,0.7213
16,700,12730,0.23942201951193431,0.94325,1.1935082599995241,0.7129
16,800,12730,0.21401369406117332,0.95375,1.2709991130859228,0.7088
16,900,12730,0.19051164365003978,0.96125,1.342304859001925,0.7047
16,1000,12730,0.17200179031443974,0.968,1.4334668262748962,0.6957
16,1100,12730,0.15478131411567567,0.97375,1.4834574673585832,0.6923
16,1200,12730,0.1415401973894664,0.97575,1.5486999829863286,0.6875
16,1300,12730,0.13041431752462235,0.97875,1.5871861206877762,0.6869
16,1400,12730,0.12083885369319765,0.98075,1.6518288841293116,0.6841
16,1500,12730,0.11222704156996711,0.983,1.7103870283266542,0.6791
16,1600,12730,0.10308868692271293,0.9855,1.7667573411373576,0.6782
16,1700,12730,0.0973671440567289,0.98675,1.8150822922682306,0.6749
16,1800,12730,0.09020661107367939,0.989,1.840928838131534,0.6766
16,1900,12730,0.0851681808394099,0.98925,1.895316945519417,0.6739
16,2000,12730,0.08021071304877599,0.99175,1.9248490048821565,0.672
18,100,14320,0.72010248237186,0.81125,0.5983411302422262,0.8325
18,200,14320,0.5299937266205984,0.85075,0.7097992284852228,0.7863
18,300,14320,0.41421636702522396,0.8855,0.7908566453654295,0.7708
18,400,14320,0.33782036413276006,0.91475,0.9113899091626428,0.7449
18,500,14320,0.2833177144565279,0.93125,1.003973305415196,0.7317
18,600,14320,0.23954178605760848,0.944,1.0780240173932094,0.7296
18,700,14320,0.2047290082961794,0.95675,1.1627610927554453,0.7169
18,800,14320,0.18002793630437244,0.96475,1.232216219233859,0.7124
18,900,14320,0.15789504597584406,0.97,1.302611581459167,0.7073
18,1000,14320,0.14004335209490762,0.97625,1.3644284150403017,0.7049
18,1100,14320,0.12537976910197546,0.98125,1.4180396550400243,0.7033
18,1200,14320,0.11412924806040431,0.98325,1.4753643382506765,0.6993
18,1300,14320,0.10252484868443201,0.986,1.5171557797747812,0.6998
18,1400,14320,0.09346165933779307,0.9895,1.560154126897739,0.6971
18,1500,14320,0.08600984667501753,0.9905,1.6061344507393565,0.6956
18,1600,14320,0.07935522733226655,0.993,1.6586230522508074,0.6905
18,1700,14320,0.0735188051466904,0.994,1.683806713029837,0.694
18,1800,14320,0.06844503586254423,0.9945,1.7269959785756033,0.6887
18,1900,14320,0.06422150483916676,0.99525,1.7642431262951748,0.6894
18,2000,14320,0.060204130966985035,0.99625,1.7945551255326362,0.6876
20,100,15910,0.7074069002318004,0.81575,0.5799085156173464,0.8448
20,200,15910,0.5151913336345127,0.85775,0.6681358065384968,0.8081
20,300,15910,0.4051640544618879,0.89175,0.7806502316787745,0.778
20,400,15910,0.33104366300598026,0.915,0.8805981128458764,0.7615
20,500,15910,0.2769704316816633,0.93,0.9859613354798336,0.7432
20,600,15910,0.2362169817326561,0.9445,1.0576225802017625,0.7353
20,700,15910,0.20408349425073655,0.956,1.126457337076497,0.7316
20,800,15910,0.17964405010616968,0.963,1.2031551576723718,0.7222
20,900,15910,0.1581607929297856,0.9715,1.2644292890645896,0.7182
20,1000,15910,0.14143306903895878,0.9755,1.32915424218603,0.7164
20,1100,15910,0.12784271332479658,0.98075,1.391566142534754,0.7085
20,1200,15910,0.1160989770340541,0.9835,1.425383306232987,0.7123
20,1300,15910,0.10654209908984956,0.9865,1.4751636234058696,0.7099
20,1400,15910,0.09794752690054122,0.987,1.527181473127596,0.7075
20,1500,15910,0.09155580164894225,0.9875,1.5720714006074674,0.6999
20,1600,15910,0.08393049364288648,0.9895,1.6068389265780236,0.7024
20,1700,15910,0.07831795832940511,0.99025,1.6405100180844592,0.7006
20,1800,15910,0.07333473441383195,0.99075,1.6767543373973506,0.6986
20,1900,15910,0.06890402988545478,0.99075,1.71147068575689,0.6987
20,2000,15910,0.06496865529980925,0.99175,1.7444352038726685,0.6986
22,100,17500,0.6701583417635115,0.817,0.6073298155312326,0.8329
22,200,17500,0.45756731809131684,0.869,0.6852433727994846,0.7974
22,300,17500,0.3345111691289478,0.91075,0.797919219656355,0.7653
22,400,17500,0.25693872405423057,0.93925,0.9020336946104742,0.7445
22,500,17500,0.2006629772839092,0.9615,0.9749167965855569,0.7399
22,600,17500,0.16356110915778174,0.97175,1.0545127213380898,0.73
22,700,17500,0.13498627441743064,0.9795,1.1260461110597964,0.7256
22,800,17500,0.11392382343137075,0.98425,1.1993175103406237,0.7181
22,900,17500,0.09755594194644973,0.988,1.2543477731145871,0.7146
22,1000,17500,0.08480930819161354,0.99075,1.3062174766306665,0.7131
22,1100,17500,0.07417946823296093,0.99325,1.3482428775851134,0.7136
22,1200,17500,0.0664149218253673,0.99525,1.4009522603955238,0.7112
22,1300,17500,0.05954196079382821,0.99575,1.439687285263827,0.709
22,1400,17500,0.05411334099277618,0.99725,1.4766998832013196,0.7083
22,1500,17500,0.04918101941427541,0.99775,1.511390041204015,0.7046
22,1600,17500,0.04548414131360395,0.99825,1.5378253391593883,0.7074
22,1700,17500,0.042319537894356815,0.9985,1.5733597314661476,0.7056
22,1800,17500,0.039275456131214186,0.99925,1.5946740141719769,0.7043
22,1900,17500,0.03695033455178851,0.9995,1.62038780587494,0.7035
22,2000,17500,0.03470627271703312,0.9995,1.647911277356421,0.7028
25,100,19885,0.6265366976223294,0.82775,0.5730259056873382,0.8424
25,200,19885,0.38877644046904547,0.8925,0.707240368625161,0.7883
25,300,19885,0.26009643030545065,0.937,0.8512324029283159,0.7615
25,400,19885,0.1860667931891623,0.963,0.9402888169524016,0.7522
25,500,19885,0.14110730606175603,0.97975,1.0471834947538983,0.7412
25,600,19885,0.11301667255068583,0.985,1.1198914309216152,0.7354
25,700,19885,0.09305134924158218,0.99,1.1876361453609101,0.7328
25,800,19885,0.0789924646535563,0.9915,1.2476446996828554,0.7287
25,900,19885,0.06832229369689548,0.993,1.2888898641630342,0.7292
25,1000,19885,0.06023750232443923,0.99425,1.34215089251661,0.7275
25,1100,19885,0.053477459128886934,0.99575,1.3798829213638975,0.7242
25,1200,19885,0.04804521568474315,0.99625,1.41780134788744,0.7228
25,1300,19885,0.04382898200244185,0.9965,1.4480362073251396,0.7205
25,1400,19885,0.04006024257886031,0.997,1.4804053735581173,0.721
25,1500,19885,0.037193565259850216,0.998,1.5112698897244825,0.7199
25,1600,19885,0.03444139996454829,0.99825,1.533936252639552,0.7187
25,1700,19885,0.03219008111646251,0.999,1.5590826517837062,0.718
25,1800,19885,0.030130517417712818,0.99925,1.5819491911086307,0.7173
25,1900,19885,0.028318784510095913,0.99925,1.6044723440887063,0.7154
25,2000,19885,0.026728699752499186,0.99925,1.6244602076187256,0.7158
30,100,23860,0.6081025969414484,0.82925,0.5701951916050759,0.8386
30,200,23860,0.3657569107082155,0.89925,0.6893192727095002,0.7903
30,300,23860,0.24051589057559059,0.9425,0.7985269777524243,0.7724
30,400,23860,0.1669729296413679,0.969,0.8845615312931644,0.7603
30,500,23860,0.1259816882629243,0.982,0.9781769113555835,0.7485
30,600,23860,0.09751130693725177,0.98775,1.0301543072720243,0.7433
30,700,23860,0.07915525250728168,0.992,1.0868778725148767,0.7392
30,800,23860,0.06648372072312567,0.9945,1.137046252656135,0.7379
30,900,23860,0.05659040643109216,0.996,1.1789156521201893,0.7369
30,1000,23860,0.04983789627514188,0.9965,1.2214538752083566,0.7322
30,1100,23860,0.04400948259151644,0.99775,1.2512117229449522,0.7331
30,1200,23860,0.039510264135305846,0.998,1.2845021774814387,0.7304
30,1300,23860,0.035814548635648355,0.99825,1.3082718190493856,0.7306
30,1400,23860,0.03287583530422241,0.99875,1.3354435135984117,0.7287
30,1500,23860,0.030438901915673226,0.99875,1.3584321682240552,0.728
30,1600,23860,0.02792499779117486,0.999,1.3773817182726162,0.7271
30,1700,23860,0.026249043140856045,0.99975,1.3980894990407737,0.7267
30,1800,23860,0.024489705820405293,0.9995,1.4148517373451002,0.7256
30,1900,23860,0.023158584026590226,0.99975,1.4314278299641456,0.7254
30,2000,23860,0.02197347894784004,0.99975,1.4496370246455927,0.7242
35,100,27835,0.5422723714321379,0.848,0.5673627907493312,0.8378
35,200,27835,0.29912964739496745,0.9265,0.7121885246152331,0.79
35,300,27835,0.18173301137155956,0.96525,0.811474410876347,0.7754
35,400,27835,0.12553155546387038,0.98225,0.9009718439381593,0.7656
35,500,27835,0.09254478568595553,0.98825,0.959909712243232,0.7613
35,600,27835,0.0733664378169037,0.99275,1.0157235286607864,0.7561
35,700,27835,0.06049331673790538,0.99475,1.06045199323232,0.754
35,800,27835,0.051574457022878856,0.99525,1.0987385997347012,0.7545
35,900,27835,0.04461413509552441,0.9965,1.1294894074178805,0.7528
35,1000,27835,0.03917587007440272,0.99725,1.161609777029912,0.7514
35,1100,27835,0.03525689433491419,0.99775,1.1903715009332463,0.7489
35,1200,27835,0.03181466463184546,0.99825,1.2112748711162311,0.7487
35,1300,27835,0.029175167045896015,0.9985,1.2356543159408935,0.7476
35,1400,27835,0.02686062331000964,0.9985,1.2533460969378234,0.7469
35,1500,27835,0.02500316518403235,0.99925,1.2736844336910613,0.7465
35,1600,27835,0.02304905154816215,0.99925,1.288950151508781,0.7467
35,1700,27835,0.021570496852435762,0.9995,1.3048016842763135,0.7451
35,1800,27835,0.020318412901981484,0.9995,1.3215281555227414,0.7446
35,1900,27835,0.019253056452033065,0.9995,1.333768859031094,0.7446
35,2000,27835,0.018217351036294113,0.9995,1.3471713555846245,0.7435
40,100,31810,0.5155985066815029,0.86,0.5894512193407982,0.8339
40,200,31810,0.2663272860504332,0.93675,0.7277137358572073,0.7924
40,300,31810,0.15879011698185452,0.971,0.8415688007690345,0.7671
40,400,31810,0.10478902028666602,0.9855,0.9140482135354333,0.7641
40,500,31810,0.07729894094287403,0.9925,0.9821005831858155,0.7561
40,600,31810,0.06053328094264818,0.99525,1.03574075374254,0.7542
40,700,31810,0.04954106972685882,0.9965,1.0809980760903874,0.7509
40,800,31810,0.041784710768196315,0.998,1.1113065814326524,0.7501
40,900,31810,0.03622152233525874,0.9985,1.1459515457320366,0.7467
40,1000,31810,0.03198594153518715,0.99875,1.170522967341599,0.7463
40,1100,31810,0.02920150322218736,0.99925,1.1971224328135228,0.7445
40,1200,31810,0.025932578990856808,0.99925,1.2149847653830887,0.7453
40,1300,31810,0.023731134048411772,0.99925,1.2353544007441042,0.7434
40,1400,31810,0.021898905303151833,0.99925,1.252486121787387,0.7424
40,1500,31810,0.020400422004361946,0.99925,1.2711655051465247,0.7418
40,1600,31810,0.018992781151263488,0.99975,1.2831367427945897,0.7426
40,1700,31810,0.01787605163242136,0.99975,1.2975329789006786,0.7424
40,1800,31810,0.01674598632823853,0.99975,1.3096549298353255,0.7419
40,1900,31810,0.01595304442185258,0.99975,1.321803475736053,0.742
40,2000,31810,0.015063345698373658,0.99975,1.3334760959171186,0.7416
45,100,35785,0.512353907028834,0.8565,0.5812211099323953,0.8291
45,200,35785,0.2586045106725087,0.936,0.7008671621038656,0.7917
45,300,35785,0.1492295716963117,0.9755,0.7946011012147187,0.7735
45,400,35785,0.09974343666718119,0.98675,0.8723417967557907,0.7654
45,500,35785,0.07405321737603536,0.9915,0.92857362899431,0.7615
45,600,35785,0.05794784284773327,0.99525,0.9751565595910807,0.7591
45,700,35785,0.04754838501177137,0.9965,1.0176904117985137,0.7572
45,800,35785,0.040014881138054154,0.99775,1.050862529475218,0.7559
45,900,35785,0.03458554974742352,0.99825,1.0823110964647524,0.7539
45,1000,35785,0.030530046375970992,0.99875,1.1082150976938807,0.7521
45,1100,35785,0.027352082528292188,0.999,1.1314943820048289,0.7507
45,1200,35785,0.024614963813551834,0.99975,1.1513055201358855,0.7497
45,1300,35785,0.022577279513435706,1.0,1.1712954130711828,0.7492
45,1400,35785,0.020816460399637148,1.0,1.1876325210568253,0.7477
45,1500,35785,0.019418798165307158,1.0,1.2023733156691692,0.7478
45,1600,35785,0.018149945663199538,1.0,1.219414681006389,0.7467
45,1700,35785,0.017117291171517637,1.0,1.2327999630171782,0.7458
45,1800,35785,0.015975178810693914,1.0,1.2428793417420356,0.7463
45,1900,35785,0.015224011149257421,1.0,1.2555381818941445,0.7447
45,2000,35785,0.0143534132087278,1.0,1.2654155408311043,0.7451
50,100,39760,0.4817588220513056,0.86675,0.5527025102430089,0.8471
50,200,39760,0.2324774722967829,0.95025,0.6616035145559128,0.8094
50,300,39760,0.13382297180711278,0.97925,0.7763675451278687,0.784
50,400,39760,0.0895728970330859,0.98875,0.8376047208810308,0.7791
50,500,39760,0.06697030412772345,0.993,0.8912423589047352,0.7752
50,600,39760,0.05287985417932745,0.996,0.9298706268239173,0.7737
50,700,39760,0.04378016319658075,0.9975,0.9692412056740681,0.77
50,800,39760,0.037117148705181624,0.998,0.9975173398377789,0.7694
50,900,39760,0.03215896063262508,0.9985,1.022254599602359,0.7665
50,1000,39760,0.028586261151801972,0.99875,1.045616218903262,0.767
50,1100,39760,0.025719539099742495,0.999,1.0644913907073865,0.7654
50,1200,39760,0.023232361020904684,0.99925,1.0811126795923633,0.7658
50,1300,39760,0.021303580393866886,0.99925,1.096319081961729,0.7654
50,1400,39760,0.01964784616101829,1.0,1.1114436472487297,0.7656
50,1500,39760,0.018337516247161796,1.0,1.1256226605860291,0.7639
50,1600,39760,0.017130567906572233,1.0,1.1373493743550247,0.7636
50,1700,39760,0.016122380049810522,1.0,1.1493025775168353,0.7637
50,1800,39760,0.015214650603454737,1.0,1.159695931585731,0.7626
50,1900,39760,0.014408177208332788,1.0,1.1699207358679193,0.7629
50,2000,39760,0.013741311099794176,1.0,1.179325197058119,0.7627
55,100,43735,0.4615941213236915,0.87025,0.5679873063875611,0.8351
55,200,43735,0.20962800121023542,0.954,0.6587885698410356,0.8052
55,300,43735,0.11975309028038902,0.9825,0.7485521352689737,0.7921
55,400,43735,0.07967380392882559,0.9905,0.8038078138877631,0.7868
55,500,43735,0.05895510505116175,0.9945,0.8474232706769257,0.7828
55,600,43735,0.04626465520806729,0.9965,0.8823655326939692,0.779
55,700,43735,0.03796595355702771,0.999,0.911129287521171,0.7782
55,800,43735,0.03232171424915866,0.9995,0.9365044551290524,0.7751
55,900,43735,0.027976642170595745,0.99975,0.9577547206430678,0.7743
55,1000,43735,0.0248393120155448,1.0,0.9754321409069049,0.7737
55,1100,43735,0.022342157121452075,1.0,0.9933085939876592,0.7722
55,1200,43735,0.020375622613799004,1.0,1.0077110494303096,0.7723
55,1300,43735,0.01876994161792691,1.0,1.022375878729638,0.7713
55,1400,43735,0.017270758615008423,1.0,1.0332070750415705,0.7708
55,1500,43735,0.016081485335552502,1.0,1.0448757752681235,0.7705
55,1600,43735,0.015131765141314457,1.0,1.0557044587412459,0.7694
55,1700,43735,0.014220089843821905,1.0,1.064920823997373,0.769
55,1800,43735,0.01348383298202876,1.0,1.0740887217081276,0.7699
55,1900,43735,0.01275414474574583,1.0,1.082379875099583,0.7697
55,2000,43735,0.012158413336331409,1.0,1.0905963517013628,0.7695
60,100,47710,0.43338065156860955,0.87525,0.5712413686286112,0.8357
60,200,47710,0.18928514326375628,0.95925,0.6612227550547594,0.8068
60,300,47710,0.10876911559275218,0.98575,0.7309669788665832,0.7977
60,400,47710,0.07409918000773778,0.992,0.7771191588442796,0.7937
60,500,47710,0.05492844166500228,0.995,0.8144960598960803,0.7916
60,600,47710,0.04413497105004296,0.99575,0.8469027235249805,0.7888
60,700,47710,0.03642687464635524,0.99825,0.8705817032961329,0.7879
60,800,47710,0.03137929929745576,0.9985,0.8942780461470792,0.7864
60,900,47710,0.027410320878501922,0.9995,0.9112919055542369,0.7866
60,1000,47710,0.02431040458262913,0.9995,0.9284360105065024,0.7859
60,1100,47710,0.022040695617241517,0.9995,0.9431404105037641,0.7847
60,1200,47710,0.0200312462531858,0.9995,0.9571845139477663,0.7842
60,1300,47710,0.018418274346798186,0.99975,0.9684039337240207,0.783
60,1400,47710,0.01721253606771666,0.99975,0.9793729752681817,0.7827
60,1500,47710,0.015986879947521383,0.99975,0.9904756760521299,0.7831
60,1600,47710,0.014975306755375294,1.0,0.9997635942166019,0.7822
60,1700,47710,0.01411057554835838,1.0,1.0069138910740045,0.7816
60,1800,47710,0.013400592427286837,1.0,1.0146899471996695,0.7819
60,1900,47710,0.012725665293160885,1.0,1.022075298200747,0.7818
60,2000,47710,0.012090530653025896,1.0,1.0296806511795444,0.7813
70,100,55660,0.3969906812149381,0.8935,0.5772900932533725,0.8346
70,200,55660,0.16087058139225793,0.97325,0.6425216078378593,0.8145
70,300,55660,0.09170914985357768,0.988,0.6941122160216046,0.8072
70,400,55660,0.06249148055674538,0.99425,0.7372042452738543,0.8037
70,500,55660,0.0472136904736833,0.99575,0.7682667899473458,0.8011
70,600,55660,0.03784971403342391,0.9965,0.793703536461493,0.7975
70,700,55660,0.031950739167985465,0.99825,0.816485796147471,0.7948
70,800,55660,0.02742430561828235,0.999,0.8330659162087045,0.7936
70,900,55660,0.02397363916749046,0.99925,0.8503462596304098,0.7919
70,1000,55660,0.021611914763020143,0.99925,0.8634860740535578,0.7915
70,1100,55660,0.019383690482567228,0.9995,0.8755779655970586,0.7903
70,1200,55660,0.01796027014238967,0.99975,0.888597516687053,0.7897
70,1300,55660,0.01638575059376539,0.99975,0.8970499586337691,0.7902
70,1400,55660,0.01518168192475088,1.0,0.9062457091299592,0.7894
70,1500,55660,0.014227866971244415,1.0,0.915691028734681,0.7896
70,1600,55660,0.013300466351211071,1.0,0.9220577870394774,0.7889
70,1700,55660,0.012563693595843183,1.0,0.9291574641777451,0.7892
70,1800,55660,0.011894771518806616,1.0,0.9366627646859285,0.7885
70,1900,55660,0.011307131188611189,1.0,0.9430359912336252,0.7888
70,2000,55660,0.010799496198102596,1.0,0.9493801783604227,0.7887
80,100,63610,0.37377440621928565,0.89925,0.5853150757444892,0.8287
80,200,63610,0.14750607512773029,0.9765,0.6449950670550584,0.8099
80,300,63610,0.08362029469202435,0.991,0.7010071257686918,0.8024
80,400,63610,0.05705188250257855,0.99475,0.7384741250306938,0.8004
80,500,63610,0.04307372439357023,0.99675,0.7691680716860826,0.7959
80,600,63610,0.03489943930790538,0.99875,0.7941113271436114,0.7956
80,700,63610,0.028720181435346603,0.99875,0.8115649369017334,0.7941
80,800,63610,0.024752267592010043,0.99925,0.8291922792507584,0.7924
80,900,63610,0.021635014164660658,0.9995,0.8432232019058459,0.7916
80,1000,63610,0.019449458309700563,0.99975,0.8560573748152727,0.7919
80,1100,63610,0.01763620511406944,0.99975,0.8667900774414372,0.7908
80,1200,63610,0.01607608993256849,1.0,0.8778474106910122,0.7899
80,1300,63610,0.01489973727554556,1.0,0.8877297127322786,0.7892
80,1400,63610,0.013811018317937851,1.0,0.8959593388969731,0.789
80,1500,63610,0.012894962544715593,1.0,0.9036992505952052,0.7886
80,1600,63610,0.012140932418997325,1.0,0.9111746840036599,0.7883
80,1700,63610,0.011468682075954147,1.0,0.9182788724922071,0.7882
80,1800,63610,0.010916169577588638,1.0,0.9245987011558691,0.7875
80,1900,63610,0.010348358309812962,1.0,0.9304072628165506,0.7879
80,2000,63610,0.009891059242248063,1.0,0.9362178170567106,0.7874
90,100,71560,0.336029478718364,0.91025,0.5778550495672378,0.8259
90,200,71560,0.13054970107854358,0.9795,0.6217025175311004,0.817
90,300,71560,0.07484939475617712,0.9915,0.6621148074698296,0.8104
90,400,71560,0.051249637963279845,0.99525,0.6934823178371806,0.8051
90,500,71560,0.039127191913033287,0.99675,0.7198204395782416,0.8015
90,600,71560,0.03162483729067303,0.99825,0.7391039532176249,0.8017
90,700,71560,0.026632244003907082,0.9985,0.7562111260689748,0.7988
90,800,71560,0.02295085478810564,0.99925,0.7707142977957513,0.7993
90,900,71560,0.020389746298037824,1.0,0.7830233871462239,0.7973
90,1000,71560,0.018169864553899046,1.0,0.7929356468331282,0.7981
90,1100,71560,0.016545118172726934,1.0,0.8035294670777716,0.7975
90,1200,71560,0.015196644139313509,1.0,0.8124028580014113,0.7968
90,1300,71560,0.014039850771604549,1.0,0.8208551742373758,0.7962
90,1400,71560,0.01316076514148523,1.0,0.8276427490221467,0.7964
90,1500,71560,0.012277140548186643,1.0,0.8349394010510415,0.7961
90,1600,71560,0.011590252630412579,1.0,0.8411369622228252,0.7959
90,1700,71560,0.010944500292045257,1.0,0.8473076355780006,0.7955
90,1800,71560,0.010383387487973012,1.0,0.8524119743638358,0.795
90,1900,71560,0.009934045928752138,1.0,0.858483339404794,0.7949
90,2000,71560,0.009481536542316751,1.0,0.8631081920662883,0.7951
100,100,79510,0.3193545930442356,0.91575,0.5555465991140172,0.8351
100,200,79510,0.1233997932738728,0.9815,0.6169095934386466,0.816
100,300,79510,0.07075369801549684,0.9905,0.6523998352182898,0.8114
100,400,79510,0.049474258803659014,0.9945,0.6807657735552758,0.809
100,500,79510,0.03818592724819032,0.99775,0.7052075795497105,0.8062
100,600,79510,0.030633494139663757,0.99875,0.7233159633199121,0.8054
100,700,79510,0.025757773734983943,0.99875,0.7387383729219437,0.805
100,800,79510,0.022292539876486574,0.99925,0.752148346821214,0.8032
100,900,79510,0.01963083218369219,1.0,0.7628176672633287,0.8028
100,1000,79510,0.017791013115100444,1.0,0.7750600454913583,0.8019
100,1100,79510,0.016048890819388723,1.0,0.7834164332242528,0.8023
100,1200,79510,0.014743927910569169,1.0,0.7899145394753498,0.8015
100,1300,79510,0.013675923695758221,1.0,0.7982415707817503,0.8009
100,1400,79510,0.012709118669763916,1.0,0.8051025848479787,0.8006
100,1500,79510,0.011927156117818659,1.0,0.811575414838305,0.8008
100,1600,79510,0.011262371877415312,1.0,0.8176266915479283,0.7998
100,1700,79510,0.010661326075297973,1.0,0.8229974192229046,0.8003
100,1800,79510,0.010270890240217484,1.0,0.8283680057639529,0.7999
100,1900,79510,0.009641219965285726,1.0,0.83271105103432,0.8001
100,2000,79510,0.009204913640306109,1.0,0.8375662873694851,0.7997
120,100,95410,0.27692133093637133,0.9345,0.573390673490087,0.8266
120,200,95410,0.10397313629824018,0.98525,0.6249316239812571,0.8153
120,300,95410,0.06019597314298153,0.99425,0.6600283628246587,0.8117
120,400,95410,0.04222527601652675,0.99675,0.6854017096435189,0.8083
120,500,95410,0.03291221779017221,0.9985,0.706956017501415,0.8074
120,600,95410,0.027064025815990236,0.99925,0.7248834214013093,0.805
120,700,95410,0.022774505990719986,0.9995,0.7383587990596796,0.8048
120,800,95410,0.019936443809124214,1.0,0.7517615061277038,0.8039
120,900,95410,0.01754184915787644,1.0,0.7634695577108936,0.8039
120,1000,95410,0.0159099556372634,1.0,0.7737741565248769,0.8034
120,1100,95410,0.014452245441221055,1.0,0.7803186581108221,0.8028
120,1200,95410,0.013351434590442786,1.0,0.7889148235131221,0.8022
120,1300,95410,0.012437184067768238,1.0,0.796329009328868,0.8017
120,1400,95410,0.011564686783545074,1.0,0.80272602221104,0.8013
120,1500,95410,0.010897211139164274,1.0,0.8087585333995758,0.801
120,1600,95410,0.010275506517953344,1.0,0.8142332083954933,0.8013
120,1700,95410,0.009744166100900325,1.0,0.8196227997304149,0.8013
120,1800,95410,0.009357541725630797,1.0,0.8246487556084706,0.8005
120,1900,95410,0.008846667417812915,1.0,0.8287684145342012,0.8008
120,2000,95410,0.008485536113203991,1.0,0.83313589393618,0.8006
150,100,119260,0.25333070873268065,0.943,0.523117102350399,0.8445
150,200,119260,0.09645483601424429,0.98725,0.5535467512383583,0.8364
150,300,119260,0.05750821643168964,0.9925,0.5751655317226033,0.8338
150,400,119260,0.04103847285584798,0.99675,0.5943126535624456,0.8301
150,500,119260,0.032344031192007516,0.998,0.6112305826632081,0.8304
150,600,119260,0.02668284580466293,0.999,0.6234394301939162,0.829
150,700,119260,0.0223443228455763,0.9995,0.6342622794827838,0.8284
150,800,119260,0.019656243763627516,0.99975,0.6435781748621328,0.8278
150,900,119260,0.017381367761464345,1.0,0.6515774590669164,0.8269
150,1000,119260,0.015678739263897852,1.0,0.6579265577872847,0.8262
150,1100,119260,0.014365265604167704,1.0,0.6653050104049361,0.8251
150,1200,119260,0.013238681088541709,1.0,0.671379718431242,0.8245
150,1300,119260,0.012272883524438219,1.0,0.6765576880543854,0.8237
150,1400,119260,0.011457699506233135,1.0,0.6815011429653806,0.8242
150,1500,119260,0.010751696451315804,1.0,0.6856558446766464,0.824
150,1600,119260,0.010153102451964977,1.0,0.6904656705298241,0.8232
150,1700,119260,0.009607535206698,1.0,0.693864199291369,0.8227
150,1800,119260,0.009263253142495476,1.0,0.6978715408569688,0.8224
150,1900,119260,0.008782681003804244,1.0,0.7014560377237143,0.822
150,2000,119260,0.008397573472133704,1.0,0.7043324440812609,0.822
200,100,159010,0.20704440039301675,0.96025,0.5008769275466348,0.8499
200,200,159010,0.08007928096349277,0.98875,0.5395573607295941,0.8392
200,300,159010,0.04814509003763161,0.9955,0.5461738913966592,0.8403
200,400,159010,0.03473575132352019,0.998,0.5650737355374227,0.8369
200,500,159010,0.027123831404698272,0.999,0.5748993902449395,0.837
200,600,159010,0.022371640458466516,0.99925,0.5857293433539427,0.8381
200,700,159010,0.019175764380229846,0.99975,0.5944701864556142,0.837
200,800,159010,0.01678469715019067,1.0,0.6016422366355635,0.8363
200,900,159010,0.015133061165374422,1.0,0.6085760818829962,0.836
200,1000,159010,0.013591278447873063,1.0,0.6139326043379535,0.8353
200,1100,159010,0.0125444285305483,1.0,0.6193339562245236,0.8348
200,1200,159010,0.01155086135166505,1.0,0.624305804301599,0.8348
200,1300,159010,0.010769866636052491,1.0,0.6285534364402674,0.8345
200,1400,159010,0.010196203484185158,1.0,0.6324790716171265,0.8346
200,1500,159010,0.009519084741080564,1.0,0.6361213468821945,0.8343
200,1600,159010,0.009012578269614586,1.0,0.6394988599286717,0.8338
200,1700,159010,0.00856057871576576,1.0,0.6429258234751453,0.8337
200,1800,159010,0.008173453717655132,1.0,0.6457322277365976,0.8337
200,1900,159010,0.007807940503375398,1.0,0.6485173409911478,0.8333
200,2000,159010,0.007455718681393634,1.0,0.6510050362747186,0.8332
400,100,318010,0.13290017204625265,0.9795,0.5008006123410669,0.8548
400,200,318010,0.055639115975253166,0.99425,0.5034479591402279,0.8525
400,300,318010,0.034987764935644844,0.998,0.5114583919762047,0.8513
400,400,318010,0.025982399766762105,0.99925,0.5227577276527882,0.8488
400,500,318010,0.02088613941201142,0.9995,0.5311601250699372,0.8479
400,600,318010,0.01760758703485841,1.0,0.5377237870933333,0.8487
400,700,318010,0.015268141329879798,1.0,0.5426699979123986,0.8475
400,800,318010,0.01372737821102852,1.0,0.5494069770263259,0.8467
400,900,318010,0.012208815486658187,1.0,0.5523092908322051,0.8468
400,1000,318010,0.011139703382338797,1.0,0.5557794521924606,0.846
400,1100,318010,0.010276825019409732,1.0,0.5598116088777211,0.8459
400,1200,318010,0.009557167252910042,1.0,0.5625917059458365,0.8456
400,1300,318010,0.008932721165437547,1.0,0.5659661329808129,0.8454
400,1400,318010,0.008398369789892246,1.0,0.5683155038103367,0.8446
400,1500,318010,0.008041147545482668,1.0,0.5714320942142587,0.844
400,1600,318010,0.00761280606855594,1.0,0.5735334403884069,0.8442
400,1700,318010,0.007212928222817561,1.0,0.575917133883496,0.844
400,1800,318010,0.006933544193291002,1.0,0.578040037268571,0.844
400,1900,318010,0.006605028056554378,1.0,0.5800874558081672,0.8439
400,2000,318010,0.006396756403976017,1.0,0.5819332251906585,0.8437
600,100,477010,0.09817858933219833,0.987,0.4662035413940621,0.859
600,200,477010,0.043478421009485686,0.99725,0.46888951556223213,0.862
600,300,477010,0.028797521122864315,0.9985,0.47733474399443643,0.8611
600,400,477010,0.021788232471971286,0.9995,0.48342858276264683,0.8613
600,500,477010,0.017692524008452892,1.0,0.4874216237218137,0.861
600,600,477010,0.015088634994176646,1.0,0.4919912845703067,0.8601
600,700,477010,0.013188931041411937,1.0,0.4964527826827423,0.8593
600,800,477010,0.011775431940184227,1.0,0.4999231828768162,0.8593
600,900,477010,0.010678805048680969,1.0,0.5032155600726415,0.8592
600,1000,477010,0.00984166507121353,1.0,0.5059507052253955,0.859
600,1100,477010,0.009158579580899742,1.0,0.5086116865040011,0.8594
600,1200,477010,0.008500547384813664,1.0,0.5111332372020764,0.859
600,1300,477010,0.007975631083051363,1.0,0.5131827560105141,0.8589
600,1400,477010,0.007547006173621094,1.0,0.5154362583331241,0.8588
600,1500,477010,0.0071232191966994415,1.0,0.5173735470410176,0.8586
600,1600,477010,0.006851070959653173,1.0,0.5189305731469089,0.8587
600,1700,477010,0.00651745259806159,1.0,0.5208249807144236,0.8582
600,1800,477010,0.006223311673642861,1.0,0.522441673798451,0.858
600,1900,477010,0.005989777593178645,1.0,0.5238614964304836,0.8581
600,2000,477010,0.005826019851993474,1.0,0.5253297689898758,0.858
800,100,636010,0.0803450086405353,0.99025,0.4590701367350141,0.8621
800,200,636010,0.03676213436420002,0.99825,0.4611763154055662,0.8615
800,300,636010,0.024714215436861628,0.99975,0.4683814903448342,0.8607
800,400,636010,0.01906032780451434,1.0,0.4747144412367966,0.8607
800,500,636010,0.015679406253473152,1.0,0.4811855835045219,0.8594
800,600,636010,0.013367002696863242,1.0,0.4843303578532046,0.8597
800,700,636010,0.011768964769703055,1.0,0.48838459012235047,0.8594
800,800,636010,0.01065588454228072,1.0,0.49185349789869254,0.8591
800,900,636010,0.00970721674255199,1.0,0.4948507988955944,0.8584
800,1000,636010,0.008916666871675897,1.0,0.4972544325052933,0.858
800,1100,636010,0.00828263321743598,1.0,0.49957503777021056,0.8578
800,1200,636010,0.007812060630096803,1.0,0.5019389205630038,0.8577
800,1300,636010,0.007293352007215459,1.0,0.5039925311638671,0.8574
800,1400,636010,0.0068952891872160966,1.0,0.5060883367754472,0.8577
800,1500,636010,0.0065692574864933415,1.0,0.5075530652075436,0.8574
800,1600,636010,0.006266850460734632,1.0,0.5092490029278075,0.8574
800,1700,636010,0.005995121244932451,1.0,0.5108725846905238,0.8575
800,1800,636010,0.005738884306675385,1.0,0.5122296816793976,0.8571
800,1900,636010,0.005507366687414192,1.0,0.5137992111408407,0.8573
800,2000,636010,0.005326500960758754,1.0,0.5151418795583734,0.8571
1000,100,795010,0.06722456867259646,0.9935,0.460882181954232,0.8635
1000,200,795010,0.03231082022899673,0.9985,0.46419700405969744,0.8627
1000,300,795010,0.02207381757242339,0.99975,0.4676115131302244,0.8611
1000,400,795010,0.017200390941330364,1.0,0.47358640530116997,0.861
1000,500,795010,0.014304740871820185,1.0,0.4778867844421013,0.8598
1000,600,795010,0.012316621618256682,1.0,0.48204360380294214,0.8596
1000,700,795010,0.010935050324492511,1.0,0.4855820012225467,0.8592
1000,800,795010,0.009837090725167877,1.0,0.4885130831675165,0.8588
1000,900,795010,0.009072084726381397,1.0,0.4906833260587067,0.8589
1000,1000,795010,0.008325094793228403,1.0,0.49316794415757914,0.8592
1000,1100,795010,0.007779998224346884,1.0,0.4951404882416983,0.8587
1000,1200,795010,0.0072644030645726216,1.0,0.49709092130421834,0.859
1000,1300,795010,0.006831398854653041,1.0,0.49883517862600124,0.8589
1000,1400,795010,0.006523151645466449,1.0,0.5003555194017993,0.8589
1000,1500,795010,0.006148733483213518,1.0,0.5018145015617465,0.8588
1000,1600,795010,0.005880263002057161,1.0,0.5034498747461921,0.8587
1000,1700,795010,0.005650541212941919,1.0,0.5047572318962805,0.8588
1000,1800,795010,0.005426431370396462,1.0,0.5059793777763844,0.8588
1000,1900,795010,0.005210809250702224,1.0,0.5072461215743593,0.8586
1000,2000,795010,0.005065408668347767,1.0,0.5083146102394268,0.8588
